Id,original_title,English Title,Overview,Release Date,Genre,Cast,Producer,Director
783461,लूप लपेटा,Looop Lapeta,"When her boyfriend loses a mobster's cash, Savi races against the clock to save the day — if only she can break out of a curious cycle of dead ends.",2022-02-04,"['Action', 'Comedy', 'Crime']","['Taapsee Pannu', 'Tahir Raj Bhasin', 'Shreya Dhanwanthary', 'Dibyendu Bhattacharya', 'Rajendra Chawla', 'K.C. Shankar', 'Suresh Triveni', 'Manik Papneja', 'Raghav Raj Kakker', 'Sameer Kevin Roy', 'Bhupesh Bandekar', 'Alistar Bennis', 'Varun Pande', 'Babajaan Devaraya', 'Guia Bianchi', 'Priya Paramita Paul']","['Mukesh Chhabra', 'Tanuj Garg', 'Siddharth Atha', 'Atul Kasbekar', 'Shanti Sivaram Maini', 'Simran Sawhney', 'Aakash Bhatia', 'Aakash Bhatia', 'Aayush Maheshwari', 'Rohit Chandaliya', 'Vivek Krishnani', 'Swati Iyer Chawla', 'Piya Sawhney']",['Tom Tykwer']
592508,Sooryavanshi,Sooryavanshi,"A fearless, faithful albeit slightly forgetful Mumbai cop, Veer Sooryavanshi, the chief of the Anti-Terrorism Squad in India pulls out all the stops and stunts to thwart a major conspiracy to attack his city.",2021-11-05,"['Action', 'Crime', 'Thriller']","['Akshay Kumar', 'Katrina Kaif', 'Ajay Devgn', 'Ranveer Singh', 'Jackie Shroff', 'Javed Jaffrey', 'Kumud Mishra', 'Abhimanyu Singh', 'Nikitin Dheer', 'Gulshan Grover', 'Vivan Bhatena', 'Sikandar Kher', 'Rajendra Gupta', 'Amritpal Singh', 'Asif Basra', 'Uday Tikekar', 'Jayant Sawarkar', 'Pradeep Kabra', 'Micky Makhija', 'Siddharth Jadhav', 'Ashish Warang', 'Mrunal Jain', 'Anuradha Chandan', 'Sukanya Dhanda', 'Kishor Mahabole', 'Shruti Ulfat', 'Shaji Chaudhary', 'Sofiya Khan', 'Krishna Kotian', 'Meenal Sahu', 'Anil Mange', 'Niharica Raizada']","['Karan Johar', 'Hiroo Johar', 'Apoorva Mehta', 'Aruna Bhatia', 'Shibasish Sarkar', 'George Cameron']","['Rohit Shetty', 'Rohit Shetty', 'Sanchit Bedre']"
915831,"मोनिका, ओ माय डार्लिंग","Monica, O My Darling","A slick robotics expert joins a murderous plot after a passionate affair takes a sudden turn, but nothing — not even death — is what it seems to be.",2022-11-11,"['Crime', 'Comedy', 'Drama', 'Mystery']","['Rajkummar Rao', 'Huma Qureshi', 'Radhika Apte', 'Akansha Ranjan Kapoor', 'Sukant Goel', 'Sikandar Kher', 'Bagavathi Perumal', 'Zayn Marie Khan', 'Shiva Rindani', 'Faisal Rashid', 'Vijay Kenkre', 'Radhika Madan', 'Abhimanyu Dasani', 'Shilpa Iyer', 'Gyanesh Upadhyay']","['Sanjay Routray', 'Vishal Bajaj', 'Anmol Ahuja', 'Sarita Patil', 'Nikita Grover', 'Dikssha Jyote Routray', 'Pratik Nandkumar More']",['Saad Khan']
850837,Blurr,Blurr,"With progressive blindness setting in, Gayatri has to find answers to her twin sister's unlikely death. As the lines of reality keep getting blurred, is she ready to look the truth in the eye?",2022-12-09,"['Horror', 'Thriller']","['Taapsee Pannu', 'Gulshan Devaiah', 'Krutika Desai Khan', 'Sumit Nijhawan', 'Radha Solanki', 'Abhilash Thapliyal']","['Pranjal Khandhdiya', 'Kavish Sinha', 'Kavish Sinha', 'Vishal Rana', 'Rahul Gandhi', 'Pradeep sharma', 'Shruti Rana', ""Tony D' Souza"", 'Manav Durga']","['Ajay Bahl', 'Ajay Bahl', 'Param Gill']"
496331,ब्रह्मास्त्र पहला भाग: शिवा,Brahmāstra Part One: Shiva,"The story of Shiva – a young man on the brink of an epic love, with a girl named Isha. But their world is turned upside down when Shiva learns that he has a mysterious connection to the Brahmāstra... and a great power within him that he doesn’t understand just yet - the power of Fire.",2022-09-09,"['Action', 'Adventure', 'Fantasy']","['Ranbir Kapoor', 'Alia Bhatt', 'Mouni Roy', 'Amitabh Bachchan', 'Nagarjuna Akkineni', 'Shah Rukh Khan', 'Dimple Kapadia', 'Saurav Gurjar', 'Rounallah Gazi', 'Gurfateh Pirzada', 'Stanzin Delek', 'Lehar Khan', 'Aditi Joshi', 'Markand Soni', 'Chaitnya Sharma', 'Saqib Ayub', 'Rashi Mal', 'Rohan Rustomji', 'Farida Dadi', 'Nivaan Gupta', 'Deepika Padukone', 'Chiranjeevi']","['Karan Johar', 'Apoorva Mehta', 'Marijke deSouza', 'Namit Malhotra', 'Bikram Duggal']","['S. S. Rajamouli', 'Diyan Hristov']"
20453,3 Idiots,3 Idiots,"Rascal. Joker. Dreamer. Genius... You've never met a college student quite like ""Rancho."" From the moment he arrives at India's most prestigious university, Rancho's outlandish schemes turn the campus upside down—along with the lives of his two newfound best friends. Together, they make life miserable for ""Virus,"" the school’s uptight and heartless dean. But when Rancho catches the eye of the dean's sexy daughter, Virus sets his sights on flunking out the ""3 idiots"" once and for all.",2009-12-23,"['Drama', 'Comedy']","['Aamir Khan', 'R. Madhavan', 'Sharman Joshi', 'Kareena Kapoor Khan', 'Boman Irani', 'Omi Vaidya', 'Mona Singh', 'Farida Dadi', 'Parikshat Sahni', 'Amardeep Jha', 'Mukund Bhatt', 'Olivier Lafont', 'Achyut Potdar', 'Chaitali Bose', 'Jayant Kripalani', 'Akhil Mishra', 'Atul Tiwari', 'Rajeev Ravindranathan', 'Supriya Shukla', 'Rahul Kumar', 'Javed Jaffrey', 'Ali Fazal', 'Arun Bali']","['Rahul Nanda', 'Menaka Nagarajan', 'Menaka Nagarajan', 'Vir Chopra', 'Navmeet Singh', 'Sunil Bohra', 'Nalini Rathnam', 'Bharat Jha', 'Sachin Utekar', 'Sachin Utekar', 'Girdhar Swami', 'Rohan Mapuskar', 'Rohan Mapuskar', 'Parshuram Mane', 'Kirit Parekh', 'Ramakant Dubey', 'Ravi Sarin', 'Aman Mahajan', 'Sanjiv Kishinchandani', 'Ravi Barnabas', 'Atishay Dayal', 'Salim Qureshi', 'Sarvesh Singh', 'Bhavin Thakkar', 'Dileep Desai']","['Vinay Waikul', 'Rajiv Verma', 'Karan Narvekar', 'Gaurav Chandelya', 'Gaurav Chandelya', 'Maheep Dhillon', 'Karan Tejpal']"
881983,Salaam Venky,Salaam Venky,"Sujata, an ideal mother, who battles the most challenging situations one can ever face with a smile.",2022-12-09,['Drama'],"['Kajol', 'Vishal Jethwa', 'Aahana Kumra', 'Rahul Bose', 'Rajeev Khandelwal', 'Ananth Narayan Mahadevan', 'Maala Parvathi', 'Jaineeraj Rajpurohit', 'Aamir Khan', 'Priyamani']","['Suraj Singh', 'Suraj Singh', 'Shraddha Agrawal', 'Varsha Kukreja']",[]
19404,दिलवाले दुल्हनिया ले जायेंगे,Dilwale Dulhania Le Jayenge,"Raj is a rich, carefree, happy-go-lucky second generation NRI. Simran is the daughter of Chaudhary Baldev Singh, who in spite of being an NRI is very strict about adherence to Indian values. Simran has left for India to be married to her childhood fiancé. Raj leaves for India with a mission at his hands, to claim his lady love under the noses of her whole family. Thus begins a saga.",1995-10-19,"['Comedy', 'Drama', 'Romance']","['Shah Rukh Khan', 'Kajol', 'Amrish Puri', 'Anupam Kher', 'Satish Shah', 'Farida Jalal', 'Achala Sachdev', 'Himani Shivpuri', 'Pooja Ruparel', 'Mandira Bedi', 'Uday Chopra', 'Parmeet Sethi', 'Karan Johar', 'Arjun Sablok', 'Anaita Shroff Adajania', 'Hemlata Deepak', 'Lalit Tiwari', 'Baby Raashi', 'Baby Nupur', 'Shanker Iyer', 'Rajesh Bhatija', 'Govind Khatri', 'Mansoor Merchant', 'Mohit Kumar', 'Damyanti Puri', 'Surendra Rahi']","['Aditya Chopra', 'Aditya Chopra', 'Aditya Chopra', 'Aditya Chopra', 'Karan Johar', 'Mahen Vakil', 'Balakrishnan Iyer']","['Yash Chopra', 'Manmohan Singh']"
767377,धमाका,Dhamaka,"When a cynical ex-TV news anchor gets an alarming call on his radio show, he sees a chance for a career comeback — but it may cost his conscience.",2021-11-19,"['Thriller', 'Drama', 'Crime']","['Kartik Aaryan', 'Amruta Subhash', 'Mrunal Thakur', 'Soham Majumdar', 'Vikas Kumar', 'Vishwajeet Pradhan', 'Anuj Gurwara', 'Priya Tandon', 'Aeklavya Tomer', 'Prabhat Singh Bhadauriya', 'Aishwarya Chaudhary', 'Ritviq Joshi', 'Ashish Ranglani']","['Ronnie Screwvala', 'Amita Madhvani', 'Sushmita Yadav']","['Ram Madhvani', 'Ram Madhvani', 'Ram Madhvani', 'Puneet Sharma', 'Puneet Sharma']"
1046991,वध,Vadh,"Shambhunath Mishra, a retired middle school teacher is living a mundane middle-class life with his wife Manju Mishra in Gwalior. Life takes a complete turn for the Mishra family when a situation gets out of hand and it leads to a killing at the hands of Shambhunath Mishra. Mishra ji has very little time to plan cautiously to turn this into a “perfect murder” and leave no trace behind.",2022-12-09,"['Crime', 'Thriller']","['Sanjay Mishra', 'Neena Gupta', 'Manav Vij', 'Saurabh Sachdeva', 'Umesh Kaushik', 'Tanya Lal', 'Pranjal Pateriya', 'Diwakar Kumar', 'Abhitosh Singh Rajput']","['Jaspal Singh Sandhu', 'Jaspal Singh Sandhu', 'Ankur Garg', 'Mayank Johri', 'Neeraj Ruhil', 'Nymphea Saraf Sandhu', 'Subhav Sharma']","['Luv Ranjan', 'Deepak Thaper', 'Shamshir Khan']"
7508,तारे ज़मीन पर,Like Stars on Earth,"Ishaan Awasthi is an eight-year-old whose world is filled with wonders that no one else seems to appreciate. Colours, fish, dogs, and kites don't seem important to the adults, who are much more interested in things like homework, marks, and neatness. Ishaan cannot seem to get anything right in class; he is then sent to boarding school, where his life changes forever.",2007-12-21,['Drama'],"['Darsheel Safary', 'Aamir Khan', 'Tisca Chopra', 'Vipin Sharma', 'Tanay Chheda', 'Sachet Engineer', 'Girija Oak', 'Bugs Bhargava', 'Shankar Sachdev', 'Lalita Lajmi', 'Ravi Khanvilkar', 'Meghna Malik', 'M. K. Raina', 'Ayaan', 'Veer Mohan', 'Aniket Engineer']","['Kiran Rao', 'Sunitha Ram', 'Ajay Bijli', 'Sanjeev K Bijli', 'Manoj Shroff', 'B. Shrinivas Rao']",['Advait Chandan']
714338,Bulbbul,Bulbbul,"A child bride grows up to be an enigmatic woman presiding over her household, harboring a painful past as supernatural murders of men plague her village.",2020-06-24,"['Horror', 'Fantasy']","['Tripti Dimri', 'Rahul Bose', 'Avinash Tiwary', 'Parambrata Chatterjee', 'Paoli Dam', 'Varun Buddhadev', 'Ruchi Mahajan', 'Sameer Deshpande', 'Veera Kapur Ee']",['Karnesh Sharma'],[]
1033916,Shadow Assassins,Shadow Assassins,A film by Nilaanjan Reeta Datta.,2022-12-09,[],"['Anurag Sinha', 'Mishti Chakravarty', 'Hemant Kher', ""'Om' Rakesh Chaturvedi""]",[],"['Nilanjan Datta', 'Nilanjan Datta', 'Nilanjan Datta']"
26022,My Name Is Khan,My Name Is Khan,"Rizwan Khan, a Muslim from the Borivali section of Mumbai, has Asperger's syndrome. He marries a Hindu single mother, Mandira, in San Francisco. After 9/11, Rizwan is detained by authorities at LAX who treat him as a terrorist because of his condition and his race.",2010-02-10,"['Drama', 'Romance']","['Shah Rukh Khan', 'Kajol', 'Jimmy Shergill', 'Zarina Wahab', 'Adarsh Gourav', 'Tanay Chheda', 'Sheetal Menon', 'Arif Zakaria', 'Arjun Mathur', 'Christopher B. Duncan', 'Nicolas Pajon', 'Rod Britt', 'Michael William Arnold', 'Katie A. Keane', 'Kenton Duty', 'Joseph Zinsman', 'Jonathan Matthew Wilson', 'Laurence Brown']","['Karan Johar', 'Karan Johar', 'Gauri Khan', 'Sumit Chawla', 'Prashant Shah', 'Pravin Khairnar', 'Shamiraah Nambiar']","['Karan Malhotra', 'Abhishek Varman', 'Urvashi Shah', 'Ekta Pathak Malhotra', 'Rohit Sharma', 'Santino Morea']"
44977,धूम ३,Dhoom 3,"To avenge his father's death, a circus entertainer trained in magic and acrobatics turns thief to take down a corrupt bank in Chicago. Two cops from Mumbai are assigned to the case.",2013-12-19,"['Action', 'Crime', 'Thriller']","['Aamir Khan', 'Abhishek Bachchan', 'Katrina Kaif', 'Uday Chopra', 'Jackie Shroff', 'Tabrett Bethell', 'Andrew Bicknell', 'Riya Ray', 'Elizabeth Reiners', 'Jacqueline Scislowski', 'Kim DeJesus', 'Parth Suri', 'Michael L. Howard']","['Aditya Chopra', 'Sanjay Shivalkar', 'Aashish Singh', 'Ilana Rossein', 'Carrie Holt de Lama', 'Rukhshida David', 'Rengarajan Jaiprakash', 'Maria C. Roxas', 'Namrata Shah', 'Bobbi Taxali']","['Sonal Joshi', 'Rohan Khambati', 'Abhishek Anil Tiwari', 'Pablo Gambetta', 'Shiv Rawail']"
391629,बाघी,Baaghi,"Ronny is a rebellious man, who falls in love with Sia but circumstances separate them. Years later, Ronny learns that Sia is abducted by a martial arts champion, Raghav.",2016-04-29,"['Action', 'Thriller', 'Romance']","['Tiger Shroff', 'Shraddha Kapoor', 'Sunil Grover', 'Sudheer Babu', 'Saurav Chakrabarti', 'Sanjay Mishra', 'Shaurya Bharadwaj', 'Kota Srinivasa Rao', 'Sumit Gulati', 'Ron Smoorenburg', 'Jason Tham', 'Aryan Prajapati']","['Sajid Nadiadwala', 'Siddharth Roy Kapur', 'Rakesh Madhotra', 'Dipti Jindal', 'Bharat Bohra']","['Sabbir Khan', 'Sabbir Khan']"
1029827,दृश्यम २,Drishyam 2,"7 years after the case related to Vijay Salgaonkar and his family was closed, a series of unexpected events bring truth to light that threatens to change everything for the Salgaonkars. Can Vijay save his family this time?",2022-11-18,"['Crime', 'Thriller', 'Drama', 'Mystery']","['Ajay Devgn', 'Akshaye Khanna', 'Tabu', 'Shriya Saran', 'Ishita Dutta', 'Rajat Kapoor', 'Mrunal Jadhav']","['Bhushan Kumar', 'Krishan Kumar', 'Antony Perumbavoor', 'Abhishek Pathak', 'Abhishek Pathak', 'Abhishek Pathak', 'Ajit Andhare', 'Kumar Mangat Pathak', 'Vicky Sidana', 'Sanjeev Joshi', 'Aditya Chowksey', 'Shiv Chanana', 'Pragya Singh', 'Amit Dalmia', 'Murlidhar Chhatwani']","['Jeethu Joseph', 'Navinder Pal Singh', 'Vignesh Shetty']"
669583,Did It Happen?,Did It Happen?,"In A not-so- typical scenario, Ishan a young, charismatic boy is staying with his mom's friend, someone he's attracted to. While his imagination often does run wild, Ishan is stuck in a conundrum - did it really happen?",2020-02-02,[],"['Preeti Rana', 'Ishan Chordia']",[],[]
360814,दंगल,Dangal,"Dangal is an extraordinary true story based on the life of Mahavir Singh and his two daughters, Geeta and Babita Phogat. The film traces the inspirational journey of a father who trains his daughters to become world class wrestlers.",2016-12-21,"['Drama', 'Family', 'Comedy', 'Action']","['Aamir Khan', 'Fatima Sana Shaikh', 'Sanya Malhotra', 'Sakshi Tanwar', 'Aparshakti Khurana', 'Zaira Wasim', 'Suhani Bhatnagar', 'Girish Kulkarni', 'Vivan Bhatena', 'Ritwik Sahore', 'Ravi Aneja', 'Anurag Arora', 'Mahesh Balraj', 'Anmol Charan', 'Karamveer Choudhary', 'Ishika Gagneja', 'Badrul Islam', 'Jagbir', 'Olamilekan Akanbi Jason', 'Hafiz Khan', 'Sumit Khanna', 'Meenu Prajapati', 'Ansh Rathore', 'Shishir Sharma', 'Gurpreet Toti']","['Kiran Rao', 'Siddharth Roy Kapur', 'Alan McAlex', 'Navmeet Singh', 'Nishith Dadhich', 'Amrita Pandey', 'Vishesh Agrawal']",[]
799177,भेड़िया,Bhediya,"Inspired by legendary folklore rooted in Arunachal Pradesh, Bhediya tells the story of Bhaskar, a man who gets bitten by a mythical wolf and begins to transform into the creature himself. As Bhaskar and his ragtag buddies try to find answers, he is worried that the monster in him will wipe out human existence in the local town.",2022-11-25,"['Comedy', 'Horror']","['Varun Dhawan', 'Kriti Sanon', 'Deepak Dobriyal', 'Abhishek Banerjee', 'Paalin Kabak', 'Saurabh Shukla', 'Dosam Beyong', 'Madang Pai', 'Baharul Islam', 'Ligang Sallu', 'Nending Uttung', 'Manoj Bakshi', 'Sharad Kelkar', 'Shraddha Kapoor', 'Rajkummar Rao', 'Aparshakti Khurana', 'Amar Kaushik']","['Dinesh Vijan', 'Anmol Ahuja', 'Pooja Vijan', 'Sanjeev Mishra', 'Nikita Grover']","['Amar Kaushik', 'Habib Riyaz', 'Vipasha Arvind']"
466550,Drive,Drive,A getaway driver is attracted to a female neighbor whose husband owes money to a local gangster. As a result he is drawn deeper into a dangerous underworld.,2019-11-01,"['Action', 'Thriller']","['Sushant Singh Rajput', 'Jacqueline Fernandez', 'Boman Irani', 'Pankaj Tripathi', 'Sapna Pabbi', 'Vikramjeet Virk', 'Shweta Nair']","['Karan Johar', 'Hiroo Johar', 'Himalaya Agrawal', 'Panchami Ghavri']","['Tarun Mansukhani', 'Tarun Mansukhani']"
783723,थैंक गॉड,Thank God,"An egoistic real estate broker in huge debts, meets with an accident. As he gains consciousness, he realizes that he is in heaven. God appears before him and informs him that he must play a 'Game of Life'. If he manages to win, he will be sent back to earth; if he loses, he will be sent to hell.",2022-10-25,['Comedy'],"['Ajay Devgn', 'Sidharth Malhotra', 'Rakul Preet Singh', 'Seema Pahwa', 'Kanwaljit Singh', 'Mahesh Balraj', 'Vikram Kochhar', 'Sumit Gulati', 'Soundarya Sharma', 'Kiku Sharda', 'Nora Fatehi', 'Mahiya Swami', 'Saanand Verma']","['Bhushan Kumar', 'Krishan Kumar', 'Ashok Thakeria', 'Deepak Mukut', 'Anand Pandit', 'Sunir Kheterpal', 'Markand Adhikari', 'Shiv Chanana', 'Yash Shah', 'Pitambar Kharal']","['Indra Kumar', 'Indra Kumar']"
105379,Blood Money,Blood Money,"In South Africa, a young man living with his wife becomes embroiled in an illegal diamond business and with time finds his life changing.",2012-03-31,"['Drama', 'Action', 'Thriller']","['Kunal Khemu', 'Amrita Puri', 'Manish Choudhary', 'Mia Uyeda']","['Mukesh Bhatt', 'Vikram Malhotra']",[]
787538,मारीच,Maarrich,"2 brutal murders, 6 suspects and one fearless cop - Rajiv Dixit, a sharp-witted Mumbai police officer , is on a mission to track down the unidentified killer behind these murders.",2022-12-09,"['Thriller', 'Crime']","['Tusshar Kapoor', 'Naseeruddin Shah', 'Rahul Dev', 'Anita Hassanandani Reddy', 'Dipannita Sharma', 'Seerat Kapoor', 'Aakash Dahiya', 'Manvir Singh', 'Chelsha Gosai', 'Himansh Kohli']","['Shreyans Hirawat', 'Girish Johar', 'Narendra Hirawat', 'Leena Bhandula', 'Gaurav Vichare']","['Dhruv Lather', 'Dhruv Lather']"
37737,Kites,Kites,"A wounded man searches for his sweetheart in the Mexican desert while on the run from the police, bounty hunters, and others.",2010-05-21,"['Drama', 'Action', 'Romance']","['Hrithik Roshan', 'Bárbara Mori', 'Kabir Bedi', 'Kangana Ranaut', 'Nicholas Brown', 'Steven Michael Quezada', 'Ivan Brutsche', 'Luce Rains', 'Camme Tyla', 'Anand Tiwari', 'Dave Colon', 'Yuri Suri', 'Clark Sanchez', 'Madhuri Bhatia', 'Jamie Haqqani', 'Ronald Robert Hamilton', 'Bob Brahamabhatt', 'Cynthia Lee', 'Shaun Webb', 'Patricio Trujillo']","['Angelique Midthunder', 'Rakesh Roshan', 'Prashant Shah', 'Sunaina Roshan', 'Dimitri Molimis', 'Sunny Housen', 'Jeanette Aguilar', 'Latrell Manuel', 'Wade Whitman']","['Anurag Basu', 'Anurag Basu']"
363343,रईस,Raees,"Set in the early ’80s and ’90s in Gujarat, India, ‘Raees’ is a fictitious story of a crime lord named Raees, who builds an entire empire from scratch, and a police officer who is determined to bring him down.",2017-01-25,"['Thriller', 'Action', 'Crime']","['Shah Rukh Khan', 'Mahira Khan', 'Nawazuddin Siddiqui', 'Mohammed Zeeshan Ayyub', 'Sheeba Chaddha', 'Narendra Jha', 'Uday Tikekar', 'Anil Mange', 'Sunny Leone', 'Jaideep Ahlawat', 'Atul Kulkarni']","['Gauri Khan', 'Ritesh Sidhwani', 'Honey Trehan']","['Rahul Dholakia', 'Rahul Dholakia', 'Rahul Dholakia', 'Rahul Dholakia']"
11854,कुछ कुछ होता है,Kuch Kuch Hota Hai,"Per her mother's last wish, an 8 year old girl sets out to reunite her father with his college best friend who was in love with him.",1998-10-16,"['Romance', 'Drama']","['Shah Rukh Khan', 'Kajol', 'Rani Mukerji', 'Salman Khan', 'Farida Jalal', 'Archana Puran Singh', 'Himani Shivpuri', 'Johnny Lever', 'Anupam Kher', 'Reema Lagoo', 'Sana Saeed', 'Parzaan Dastur', 'Neelam Kothari', 'Geeta Kapoor', 'Farah Khan', 'Manish Malhotra', 'Nikkhil Advani']","['Karan Johar', 'Karan Johar', 'Karan Johar', 'Karan Johar', 'Yash Johar', 'Hiroo Johar']","['Nikkhil Advani', 'Tarun Mansukhani', 'Anjali Bhushan Nugyal', 'Mamta Murthy']"
31977,Black,Black,"Black is an adaptation of Helen Keller's autobiography. Black revolves around a blind and deaf girl, and her relationship with her teacher who himself later develops Alzheimer's disease.",2005-02-04,['Drama'],"['Amitabh Bachchan', 'Rani Mukerji', 'Ayesha Kapoor', 'Shernaz Patel', 'Dhritiman Chatterjee', 'Nandana Sen', 'Sillo Mahava', 'Mahabanoo Mody-Kotwal']",[],"['Sanjay Leela Bhansali', 'Sanjay Leela Bhansali', 'Sanjay Leela Bhansali', 'Omung Kumar']"
4435,अशोक,Aśoka,"A young Prince Asoka works to perfect his skills in battle and also deals with family conflict. During a struggle with one of his step-brothers, his mother urges Asoka to escape to stay alive. While away, Asoka meets Kaurwaki and falls in love, but must use his skills as a warrior to protect her. A dangerous and heartbreaking web of conspiracy follows, which leads Asoka to embrace a Buddhist path.",2001-09-13,"['Romance', 'Music', 'War', 'Action']","['Shah Rukh Khan', 'Kareena Kapoor Khan', 'Hrishitaa Bhatt', 'Danny Denzongpa', 'Sooraj Balaji', 'Rahul Dev', 'Ajith Kumar', 'Gerson Da Cunha', 'Subhashini Ali', 'Umesh Mehra', 'Vineet Sharma', 'Shweta Menon', 'Karan Dewani', 'Johnny Lever', 'Suresh Menon', 'Shilpa Mehta', 'Vivek Sharma', 'Gayatri Jayaraman', 'Dimple Inamdar', 'Shaan Mukherjee', 'Raghubir Yadav']","['Sanjiv Chawla', 'Mark Burton', 'Ghanteshwar T Guru']",[]
14073,जोधा अकबर,Jodhaa Akbar,A sixteenth century love story about a marriage of alliance that gave birth to true love between a Mughal emperor and a Rajput princess.,2008-02-13,"['Romance', 'History', 'Drama']","['Hrithik Roshan', 'Aishwarya Rai Bachchan', 'Sonu Sood', 'Kulbhushan Kharbanda', 'Suhasini Mulay', 'Raza Murad', 'Rajesh Vivek', 'Pramod Moutho', 'Ila Arun', 'Surendra Pal', 'Amitabh Bachchan', 'Disha Vakani', 'Nikitin Dheer', 'Poonam Sinha', 'Digvijay Purohit', 'Yuri Suri', 'Surendra Pal', 'Manava Naik', 'Rucha Vaidya']","['Ronnie Screwvala', 'Siddharth Roy Kapur']","['Ashutosh Gowariker', 'Ashutosh Gowariker', 'Ashutosh Gowariker', 'Karan Malhotra', ""Lawrence D'Souza"", 'Mohammed Aslam', 'Abhishek Varman', 'Puneet Khanna', 'Ekta Pathak Malhotra', 'Prateek Sapra', 'Gurmeet Singh', 'Rajkumar Bhagavant']"
297222,पीके,PK,"A stranger in the city asks questions no one has asked before. Known only by his initials, the man's innocent questions and childlike curiosity take him on a journey of love, laughter and letting go.",2014-12-18,"['Comedy', 'Drama', 'Science Fiction']","['Aamir Khan', 'Anushka Sharma', 'Sushant Singh Rajput', 'Saurabh Shukla', 'Boman Irani', 'Sanjay Dutt', 'Parikshat Sahni', 'Reema Debnath', 'Rukhsar Rehman', 'Sachin Parikh', 'Brijendra Kala', 'Ram Sethi', 'Rohitash Gaud', 'Ranbir Kapoor', 'Sai Gundewar', 'Karim Hajee', 'Maanvi Gagroo', 'Anil Mange', 'Amardeep Jha', 'Plabita Borthakur', 'Rajiv Gupta']","['Rahul Nanda', 'Menaka Nagarajan', 'Siddharth Roy Kapur', 'Mukesh Chhabra', 'Mandar Gosavi', 'Sachin Utekar', 'Chanpreet Singh']","['Lakshmipriya Devi', 'Karan Narvekar']"
695958,द गर्ल ऑन द ट्रेन,The Girl on the Train,"When a voyeuristic divorcee fixates on the lives of a perfect couple a far, she soon gets embroiled in a murder mystery that unfolds revealing truths about her own life.",2021-02-26,"['Drama', 'Thriller']","['Parineeti Chopra', 'Aditi Rao Hydari', 'Kirti Kulhari', 'Tota Roy Chowdhury', 'Shamaun Ahmed', 'Vatsal Sheth', 'Avinash Tiwary', 'Natasha Benton', 'Sammy Jonas Heaney', 'Nisha Aaliya', 'Richie Lawrence', 'Diljohn Singh']","['Vivek B Agrawal', 'Shibashish Sarkar', 'Rachita Kapoor', 'Shibasish Sarkar']","['Ribhu Dasgupta', 'Ribhu Dasgupta', 'Abhijeet Khuman']"
534780,अंधाधुन,Andhadhun,A series of mysterious events changes the life of a blind pianist who now must report a crime that was actually never witnessed by him.,2018-10-05,"['Crime', 'Thriller', 'Comedy']","['Ayushmann Khurrana', 'Radhika Apte', 'Tabu', 'Anil Dhawan', 'Rashmi Agdekar', 'Zakir Hussain', 'Ashwini Kalsekar', 'Manav Vij', 'Gopal Singh', 'Chhaya Kadam', 'Raash Pabri']","['Sanjay Routray', 'Vishal Bajaj', 'Ashok Vashodia', 'Ashish Kathpal', 'Kanchan Marathe', 'Snigdha Karmahe', 'Pankaj Pol', 'Girdhar Swami', 'Amit J Chaudhary']","['Sriram Raghavan', 'Sriram Raghavan', 'Sriram Raghavan']"
14194,धूम २,Dhoom 2,"Jai and Ali return, this time on the trail of an international thief who steals priceless artifacts and has chosen Mumbai as his next target.",2006-11-24,"['Drama', 'Action', 'Thriller', 'Crime']","['Hrithik Roshan', 'Abhishek Bachchan', 'Aishwarya Rai Bachchan', 'Uday Chopra', 'Bipasha Basu', 'Rimi Sen']","['Aditya Chopra', 'Aditya Chopra', 'Aashish Singh', 'Yogendra Mogre', 'Shailini Vijay Naik']","['Yash Chopra', 'Sanjay Gadhvi', 'Samar Shaikh', 'Gibson George', 'Sanyukta Ray']"
585268,War,War,"Khalid, is entrusted with the task of eliminating Kabir, a former soldier turned rogue, as he engages in an epic battle with his mentor who had taught him everything.",2019-10-02,"['Action', 'Thriller', 'Adventure']","['Hrithik Roshan', 'Tiger Shroff', 'Vaani Kapoor', 'Ashutosh Rana', 'Dipannita Sharma', 'Anupriya Goenka', 'R. Bhakti Klein', 'Soni Razdan', 'Mohit Chauhan', 'Arif Zakaria']","['Simone Bär', 'Aditya Chopra', 'Aditya Chopra', 'Shanoo Sharma', 'Bharat Rawail', 'Rengarajan Jaiprakash', 'Gurpreet Singh', 'Padam Bhushan', 'Andrea Massimi', 'Madhu Raju']","['Siddharth Anand', 'Siddharth Anand', 'Siddharth Anand', 'Abhishek Anil Tiwari', 'Pushkar Ojha', 'Nishit Bhatia', 'Sanju Soman', 'Akshay Rane', 'Rahul Pawar', 'Rajvir Ashar']"
8079,ओम शांति ओम,Om Shanti Om,"Reincarnated 30 years after being killed in a suspicious on-set fire, a small-time actor is determined to punish the person who ignited the blaze.",2007-11-07,"['Comedy', 'Thriller', 'Drama']","['Shah Rukh Khan', 'Deepika Padukone', 'Arjun Rampal', 'Shreyas Talpade', 'Kirron Kher', 'Nitesh Pandey', 'Shawar Ali', 'Yuvika Chaudhary', 'Satish Shah', 'Juhi Chawla', 'Javed Sheikh', 'Masood Akhtar', 'Hrithik Roshan', 'Preity Zinta', 'Vishal Dadlani', 'Abhishek Bachchan', 'Rishi Kapoor', 'Subhash Ghai', 'Amitabh Bachchan', 'Akshay Kumar', 'Dharmendra', 'Priyanka Chopra Jonas', 'Rekha', 'Salman Khan', 'Sanjay Dutt', 'Mithun Chakraborty', 'Kajol', 'Jeetendra', 'Karisma Kapoor', 'Malaika Arora', 'Saif Ali Khan', 'Rani Mukerji', 'Sunil Dutt', 'Uday Chopra', 'Bipasha Basu', 'Bappi Lahiri', 'Chunky Pandey', 'Feroz Khan', 'Koena Mitra', 'Karan Johar', 'Rakesh Roshan', 'Shabana Azmi', 'Sanjay Kapoor', 'Yash Chopra', 'Ameesha Patel', 'Dia Mirza', 'Zayed Khan', 'Vidya Balan', 'Tusshar Kapoor', 'Shilpa Shetty Kundra', 'Urmila Matondkar', 'Arbaaz Khan', 'Dino Morea', 'Amrita Arora', 'Aftab Shivdasani', 'Tabu', 'Govinda', 'Bobby Deol', 'Lara Dutta', 'Ritesh Deshmukh', 'Farah Khan', 'Suniel Shetty', 'Gauri Khan', 'Mushtaq Sheikh', 'Kareena Kapoor Khan', 'Lin Laishram']","['Sanjiv Chawla', 'Karan Johar', 'Gauri Khan', 'Anil Sable', 'Sameer Khan', 'Abhijeet Ubale', 'Rajesh Keshav Vanmali', 'Nikit Doshi']","['Joyeeta Chatterjee', 'Parag Kalita']"
10757,कभी ख़ुशी कभी ग़म,Kabhi Khushi Kabhie Gham,"Years after his father disowns his adopted brother for marrying a woman of lower social standing, a young man goes on a mission to reunite his family.",2001-12-14,"['Comedy', 'Drama']","['Amitabh Bachchan', 'Jaya Bachchan', 'Shah Rukh Khan', 'Kajol', 'Hrithik Roshan', 'Kareena Kapoor Khan', 'Rani Mukerji', 'Farida Jalal', 'Alok Nath', 'Parzaan Dastur', 'Jugal Hansraj', 'Simone Singh', 'Aryan Khan', 'Johnny Lever', 'Jibraan Khan', 'Achala Sachdev', 'Himani Shivpuri', 'Sushma Seth', 'Shashikala', 'Tamzin Griffin', 'Ramona Sunavala', 'Jeroo Writer', 'Vikas Sethi', 'Malvika Raaj', 'Holly Holdsworth', 'Kavesh Majmudar', 'Jessey Lever', 'Amar Adatia', 'Amith Rahman', 'Ali Haji', 'Bharat Mistri', 'Samir Shah', 'Amar Talwar']","['Karan Johar', 'Karan Johar', 'Yash Johar', 'Hiroo Johar', 'Nandini Shrikent', 'Romany Helmy', 'Andy Pavord', 'Kali Sharma', 'Sharad Rane']","['Nikkhil Advani', 'Tarun Mansukhani', 'Kapil Chopra']"
61202,ज़िन्दगी ना मिलेगी दोबारा,Zindagi Na Milegi Dobara,"Three friends who were inseparable in childhood decide to go on a three-week-long bachelor road trip to Spain, in order to re-establish their bond and explore thrilling adventures, before one of them gets married. What will they learn of themselves and each other during the adventure?",2011-07-15,"['Drama', 'Comedy', 'Romance']","['Hrithik Roshan', 'Farhan Akhtar', 'Abhay Deol', 'Katrina Kaif', 'Kalki Koechlin', 'Naseeruddin Shah', 'Ariadna Cabrol', 'Deepti Naval', 'Anisa', 'Suhel Seth', 'Anisa Butt', 'Aashrita Kamath', 'Lolo Herrero', 'Ravi Khemu', 'Raaghav Chanana', 'Anuradha Chandan', 'Prashant Prakash', 'Stojan Petrov', 'Mandi Sidhu', 'Gulnaaz Khan']","['Ritesh Sidhwani', 'Anna Cassina', 'Pau Teixidor', 'Félix Rosell', 'Sunitha Ram', 'Rukhshida David', 'Nandini Shrikent']","['Zoya Akhtar', 'Zoya Akhtar', 'Zoya Akhtar', 'Luis Casacuberta']"
14163,चकदे! इंडिया,Chak De! India,"A team of rag-tag girls with their own agenda form Team India competing for international fame in field hockey. Their coach, the ex-men's Indian National team captain, returns from a life of shame after being unjustly accused of match fixing in his last match. Can he give the girls the motivation required to win, while dealing with the shadows of his own past?",2007-08-10,['Drama'],"['Shah Rukh Khan', 'Anaitha Nair', 'Tanya Abrol', 'Shilpa Shukla', 'Arya Menon', 'Shubhi Mehta', 'Chitrashi Rawat', 'Kimi Laldawla', 'Masochon V. Zimik', 'Sandia Furtado', 'Nichola Sequeira', 'Sagarika Ghatge', 'Kimberly Miranda', 'Seema Azmi', 'Raynia Mascerhanas', 'Nisha Nair', 'Vidya Malvade', 'Celina Lazarus', 'Javed Khan']","['Aditya Chopra', 'Aashish Singh', 'Ella Lehaf', 'Pankaj Pol', 'Karan Kashyap', 'Swaratmika Mishra', 'Gyandeep Chetry', 'Mohammed Haider', 'Abhimanyu Ray']","['Yash Chopra', 'Shimit Amin', 'Samar Shaikh', 'Vicky Vijay', 'Stephen Jensen', 'Bhavna Gautam']"
352173,दृश्यम्,Drishyam,"A simple, street-smart man tries to protect his family from a tough cop looking for his missing son.",2015-07-30,"['Crime', 'Drama', 'Thriller', 'Mystery']","['Ajay Devgn', 'Tabu', 'Shriya Saran', 'Rajat Kapoor', 'Ishita Dutta', 'Mrunal Jadhav', 'Kamlesh Sawant', 'Prathamesh Parab', 'Rishab Chadha', 'Prasanna Ketkar', 'Sandeep Pandey', 'Ashish Warang', 'Sanjay Bhatia', 'Sonika Chopra', 'Sharad Bhutadiya', 'Yogesh Soman']","['Rekha Bhardwaj', 'Abhishek Pathak', 'Kumar Mangat Pathak', 'Sarita Patil']","['Vishal Bhardwaj', 'Nishikant Kamat', 'Jeethu Joseph']"
22717,वांटेड,Wanted,"Radhe is a hardcore gangster. A sharpshooter with a sharp brain, he works for Gani Bhai, the dreaded Mafioso, but on his own terms. Totally fearless, Radhe single handedly eliminates Gani Bhai's enemies one by one; making more enemies than he bargained for.",2009-09-18,"['Action', 'Comedy', 'Crime', 'Thriller']","['Salman Khan', 'Vinod Khanna', 'Inder Kumar', 'Ayesha Takia', 'Prakash Raj', 'Mahesh Manjrekar', 'Manoj Pahwa', 'Govind Namdeo', 'Maheck Chahal', 'Aseem Merchant', 'Sarfaraz Khan', 'Sajid Ali', 'G. V. Sudhakar Naidu', 'Prateeksha Lonkar', 'Anil Kapoor', 'Govinda', 'Prabhu Deva', 'Anupam Shyam', 'Vijay Patkar', 'Manesha Chatarji']","['Boney Kapoor', 'Kanwalinder Singh']","['Puri Jagannadh', 'Matt Zemlin']"
222951,B.A. Pass,B.A. Pass,"After losing his parents in a car accident, Mukesh stays at his Aunt's house in Delhi. Enrolled in a good for nothing course in college he finds peace by playing chess at the local cemetery, the rest of the times he worries over ways to make a living and taking care of his sisters. 'B.A.Pass' is a story looking at the fatal promise of a new life. When Mukesh meets Sarika 'auntie' at a kitty party, little does he know of the city and it's ways and means to survive. Sarika seduces Mukesh, shy and inexperienced he falls for her. What follows is a twist of destiny, a kind of story that appears in the tabloids as 'heinous acts of crime'",2012-08-02,['Drama'],"['Shadab Kamal', 'Shilpa Shukla', 'Dibyendu Bhattacharya', 'Shikha Joshi', 'Vijay Kaushik', 'Padam Mishra', 'Deepti Naval', 'Anula Navlekar', 'Happy Ranjit', 'Amit Sharma', 'Geeta Agrawal Sharma', 'Rajesh Sharma', 'Raveena Singh']",[],"['Ajay Bahl', 'Ajay Bahl', 'Ajay Bahl']"
25868,Aladin,Aladin,"Based in the municipality of Khwaish, abused by his classmates, Aladin Chatterjee, who was orphaned when his parents, Arun and Riya, died in an accident in Siachen Valley, lived with his paternal grandfather until the later's passing. Now alone, grown up, studying in Khwaish University, and still being abused by fellow-college mates, he finds himself smitten by the lovely US Exchange Student, Jasmine. Unable to express his feelings for her, he rubs a lamp that was gifted to him on his birthday, which summons a genie named Genius. He gets 3 wishes, but wastes 2 of them, but on the 3rd one he insists that Genius assist him to win Jasmine's heart without any magical tricks. Hilarious chaos result when everything seems to fail while an immortal and deadly entity, Ringmaster, and his hordes, prepares to confront Genius and Aladin so that he can acquire more magical powers with the help of the lamp on the day of the sighting of a rare comet and the truth behind the death of Aladin's parents.",2009-10-29,"['Fantasy', 'Drama', 'Romance', 'Adventure', 'Comedy']","['Amitabh Bachchan', 'Sanjay Dutt', 'Ritesh Deshmukh', 'Jacqueline Fernandez', 'Victor Banerjee', 'Ratna Pathak', 'Sahil Khan', 'Mita Vasisht']",[],[]
362045,बाजीराव मस्तानी,Bajirao Mastani,"Peshwa Bajirao married to Kashibai, falls in love with Mastani, a warrior princess in distress. They struggle to make their love triumph amid opposition from his conservative family.",2015-12-18,"['History', 'Romance', 'Drama']","['Ranveer Singh', 'Deepika Padukone', 'Priyanka Chopra Jonas', 'Tanvi Azmi', 'Vaibhav Tatwawadi', 'Mahesh Manjrekar', 'Milind Soman', 'Aditya Pancholi', 'Ayush Tandon', 'Rudra Soni', 'Raza Murad', 'Benjamin Gilani', 'Anuja Sathe', 'Yatin Karyekar', 'Irrfan Khan']","['Shruti Mahajan', 'Arvinder Gill', 'Chetan Deolekar', 'Parag Mehta', 'Shobha Sant', 'Ashish Tandel']","['Sanjay Leela Bhansali', 'Sanjay Leela Bhansali', 'Sanjay Leela Bhansali', 'Rahul Singh Agnihotri']"
560964,जंगली,Junglee,A vet returns home to his father's elephant reserve where he encounters and fights an international poacher's racket.,2019-03-29,"['Action', 'Adventure']","['Vidyut Jammwal', 'Pooja Sawant', 'Asha Bhat', 'Atul Kulkarni', 'Makrand Deshpande', 'Akshay Oberoi', 'Thalaivasal Vijay', 'Vishwanath Chatterjee', 'Rahul Verma Rajput', 'Shankar Yadav', 'Dinesh Rajpurohit']","['Yogendra Mogre', 'Shruti Mahajan', 'Vineet Jain', 'Priti Shahani', 'Dharam Soni', 'Vaibhav Gheewala']","['Chuck Russell', 'Rohan Sippy', 'Rohan Sippy', 'Urvashi Shah']"
277432,Happy New Year,Happy New Year,Six would-be thieves enter a prestigious dance competition as a cover for their larger goal of pulling off a major heist.,2014-10-24,"['Action', 'Comedy', 'Crime']","['Shah Rukh Khan', 'Deepika Padukone', 'Abhishek Bachchan', 'Jackie Shroff', 'Boman Irani', 'Sonu Sood', 'Vivaan Shah', 'Anupam Kher', 'Sarah-Jane Dias', 'Mohan Kapur', 'Kavi Shastri', 'Daisy Irani', 'Dino Morea', 'Kiku Sharda', 'Prabhu Deva', 'Malaika Arora', 'Anurag Kashyap', 'Vishal Dadlani', 'Sajid Khan']","['Gauri Khan', 'Rahul Nanda', 'Anil Sable', 'Karim Morani', 'Niraj Pamwani', 'Himanshu Nanda', 'Karuna Badwal', 'Siddhi Pujara', 'Aadore Mukherjee Mehra']",['Varun Lalwani']
33142,विवाह,Vivah,"Poonam, a traditionally brought-up young woman, is to marry Prem, a groom chosen by her uncle. Poonam and Prem's faith and love are to be tested however, when an accident occurs and Poonam might be scarred for life.",2006-11-10,"['Romance', 'Drama']","['Shahid Kapoor', 'Amrita Rao', 'Anupam Kher', 'Seema Biswas', 'Alok Nath', 'Manoj Joshi', 'Samir Soni', 'Mohnish Behl', 'Jatin Sial', 'Dinesh Lamba', 'Amrutha Prakash', 'Lata Sabharwal', 'Ameya Pandya', 'Goolshan Mazdiasni']","['Kamal Kumar Barjatya', 'Rajkumar Barjatya', 'Ajit Kumar Barjatya', 'Rajat A. Barjatya']","['Sooraj Barjatya', 'Sooraj Barjatya', 'Sooraj Barjatya', 'Sooraj Barjatya']"
496076,शून्य,Zero,"Short in stature but big on love, a bachelor meets two very different women who broaden his horizons and help him find purpose in life.",2018-12-21,"['Romance', 'Drama', 'Comedy']","['Shah Rukh Khan', 'Katrina Kaif', 'Anushka Sharma', 'Tigmanshu Dhulia', 'Abhay Deol', 'Sheeba Chaddha', 'Brijendra Kala', 'R. Madhavan', 'Deepika Padukone', 'Salman Khan', 'Sridevi', 'Alia Bhatt', 'Kajol', 'Rani Mukerji', 'Karisma Kapoor', 'Juhi Chawla', 'Ganesh Acharya', ""Remo D'Souza"", 'Mohammed Zeeshan Ayyub', 'Anshul Chauhan']","['Gauri Khan', 'Aanand L. Rai', 'Aanand L. Rai', 'Rahul Shanklya', 'Karuna Badwal', 'Ashish Tandel', 'Shashikant Sinha']",['Anirudh Ganpathy']
444713,कमांडो 2,Commando 2 -  The Black Money Trail,"India's most wanted Black Money agent, Vicky Chaddha, gets arrested in Malaysia and is kept in a safe house by the Malaysian authorities, along with his wife. A team of four is being sent to Malaysia to bring them to India. Apart from the growth of inter-personal relationships, the mission has quite a few twists and turns on its way. The story follows Karan as he uses his brain and brawn to recover all of the laundered black money.",2017-03-02,"['Action', 'Thriller']","['Vidyut Jammwal', 'Adah Sharma', 'Freddy Daruwala', 'Suhail Nayyar', 'Thakur Anoop Singh', 'Shefali Shah', 'Esha Gupta', 'Adil Hussain', 'Kanan Arunachalam']","['Vipul Amrutlal Shah', 'Vipul Amrutlal Shah', 'Vipul Amrutlal Shah', 'Honey Trehan', 'Mukesh Pandey', 'Jayantilal Gada', 'Aashin A Shah', 'Sharmaa Adi', 'Kishor Athwal', 'Akshay Jayantilal Gada', 'Kushal Kantilal Gada', 'Vivek B Agrawal']",[]
381418,सनम तेरी कसम,Sanam Teri Kasam,"A musical romantic movie exploring the journey that ensues when the blue blooded boy Inder, ""Who wanted to love no one"" crosses paths with Saru, ""Whom no one wanted to love"". All their lives they were waiting to meet, but they just didn't know it . A musical tale of love , longing and loss. Sanam Teri Kasam - A Love story sealed with a Curse.",2016-02-05,"['Drama', 'Romance']","['Harshvardhan Rane', 'Mawra Hocane', 'Vijay Raaz', 'Murali Sharma', 'Manish Chaudhary', 'Anurag Sinha', 'Sudesh Berry', 'Rushad Rana']",['Deepak Mukut'],"['Radhika Rao', 'Radhika Rao']"
413543,Dear Zindagi,Dear Zindagi,An unconventional thinker helps a budding cinematographer gain a new perspective on life.,2016-11-23,"['Drama', 'Romance']","['Alia Bhatt', 'Shah Rukh Khan', 'Ali Zafar', 'Kunal Kapoor', 'Angad Bedi', 'Ira Dubey', 'Yashaswini Dayama', 'Aditya Roy Kapur', 'Chitra Shukla', 'Rohit Saraf', 'Atul Kale', 'Aban Bharucha Deohans', 'Yashwant Singh', 'Madhav Vaze']","['Karan Johar', 'Gauri Khan', 'Rukhshida David', 'Nandini Shrikent', 'Nandini Shrikent', 'Karan Mally', 'Pravin Khairnar']",[]
15774,स्वदेस,Swades,"A successful Indian scientist returns home to his village to take his nanny back to America with him, and in the process rediscovers his roots.",2004-12-17,['Drama'],"['Shah Rukh Khan', 'Gayatri Joshi', 'Kishori Balal', 'Smith Seth', 'Lekh Tandon', 'Rajesh Vivek', 'Daya Shankar Pandey', 'Farrukh Jaffar', 'Vishnudutt Gaur', 'Raja Awasthi', 'Vishwa S. Badola', 'Bhim Vakani', 'Rahul Vohra', 'Rajesh Balwani', 'Bachan Pachera', 'Shreyas Pandit', 'Peter Rawley', 'Makrand Deshpande']","['Kimberly Mullen', 'Mark Mullen', 'Ronnie Screwvala', 'Ronnie Screwvala', 'Kiran Rao', 'Zarina Screwvala', 'Deven Khote', 'Sunita Gowariker', 'Anadil Hossain']","['Ashutosh Gowariker', 'Ashutosh Gowariker', 'Ashutosh Gowariker', 'Ashutosh Gowariker', 'Ashutosh Gowariker', 'Danish Aslam', 'Lakshmipriya Devi', 'Vinay Waikul', 'Janani Ravichandran']"
480,Monsoon Wedding,Monsoon Wedding,"As the romantic monsoon rains loom, the extended Verma family reunites from around the globe for a last-minute arranged marriage in New Delhi. This film traces five intersecting stories, each navigating different aspects of love as they cross boundaries of class, continent and morality.",2001-08-30,"['Comedy', 'Drama', 'Romance']","['Naseeruddin Shah', 'Lillete Dubey', 'Shefali Shah', 'Vijay Raaz', 'Tillotama Shome', 'Vasundhara Das', 'Parvin Dabas', 'Kulbhushan Kharbanda', 'Kamini Khanna', 'Rajat Kapoor', 'Neha Dubey', 'Sameer Arya', 'Kemaya Kidwai', 'Ishaan Nair', 'Randeep Hooda', 'Soni Razdan', 'Roshan Seth', 'Paritosh Sand', 'Urvashi Nair']","['Caroline Baron', 'Uma Da Cunha', 'Loveleen Tandan', 'Dilip Shankar', 'Jonathan Sehring', 'Caroline Kaplan', 'Shernaz Italia', 'Freny Khodaiji']","['Mira Nair', 'Mira Nair', 'Robyn Aronstam']"
679018,जर्सी,Jersey,"An ex-cricketer struggling to make ends meet, wants to fulfill his child's wish of getting an Indian jersey but in the process comes face to face with his heroic past and is forced to decide if he will rise to the occasion and become a symbol of hope or continue to live a life as a loser?",2022-04-22,['Drama'],"['Shahid Kapoor', 'Mrunal Thakur', 'Pankaj Kapur', 'Ronit Kamra', 'Rituraj Singh', 'Geetika Mehandru', 'Prit Kamani', 'Anjum Batra', 'Saurabh Pandey', 'Rudrashish Majumdar', 'Sunil Saraswat', 'Abhishek Madrecha', 'Sanjiv Chopra']","['Dil Raju', 'Allu Aravind', 'Allu Aravind', 'Bunny Vas', 'Mukesh Chhabra', 'Rupesh Mali', 'Aman Gill', 'Aneesh Mohan']","['Gowtam Tinnanuri', 'Gowtam Tinnanuri', 'Gowtam Tinnanuri', 'Harshit Bhatia', 'Vipul S Arora']"
4251,वीर-ज़ारा,Veer-Zaara,"Squadron Leader Veer Pratap Singh, a pilot in the Indian air force, rescues the stranded Zaara, a woman from Pakistan, following a bus accident, and their lives are forever bound.",2004-11-12,"['Drama', 'Romance']","['Shah Rukh Khan', 'Preity Zinta', 'Rani Mukerji', 'Amitabh Bachchan', 'Hema Malini', 'Divya Dutta', 'Anupam Kher', 'Kirron Kher', 'Boman Irani', 'Manoj Bajpayee', 'Zohra Sehgal', 'Akhilendra Mishra', 'Tom Alter', 'Yash Chopra', 'S.M. Zaheer', 'Gurdas Mann', 'Rushad Rana', 'Vinod Negi', 'Balwant Bansal', 'Anup Kanwal Singh', 'Vicky Ahuja', 'Sanjay Singh Bhadli', 'Chandni Jas Keerat', 'Kulbir Badesron', 'Shivaya Singh', 'Banwarhlal Jhol', 'Syed Firdaus']","['Aditya Chopra', 'Aditya Chopra', 'Aditya Chopra', 'Aditya Chopra', 'Sudesh Mahan', 'Sanjay Shivalkar', 'Karan Johar', 'Padam Bhushan', 'Padam Bhushan', 'Payal Chopra', 'Ateeq Siddiqui', 'Pankaj Malik', 'Prakash Sawant']","['Yash Chopra', 'Yash Chopra', 'Ekta Pathak Malhotra', 'Ahmed Siddiqui', 'Aditi V Makim', 'Anuraj Pandey', 'Manmohan Singh Gill']"
348892,बजरंगी भाईजान,Bajrangi Bhaijaan,A young mute girl from Pakistan loses herself in India with no way to head back. A devoted man with a magnanimous spirit undertakes the task to get her back to her motherland and unite her with her family.,2015-07-17,"['Action', 'Comedy', 'Drama']","['Salman Khan', 'Kareena Kapoor Khan', 'Harshaali Malthotra', 'Nawazuddin Siddiqui', 'Rajesh Sharma', 'Sharat Saxena', 'Om Puri', 'Meher Vij', 'Mohommed Ali Shah', 'Mir Sarwar', 'Alka Kaushal', 'Adnan Sami', 'Harssh A. Singh', 'Sanjeev Jaiswal', 'Shivam Roy Prabhakar', 'Krunal Pandit']","['Sunil Lulla', 'Rahul Nanda', 'Mukesh Chhabra', 'Rekha Bhardwaj', 'Navmeet Singh', 'Rockline Venkatesh', 'Hemant Kumar Dixit', 'Himanshu Nanda', 'Amar Butala', 'Garima Mehta', 'Rajessh Bhat', 'Kunal R Khanna', 'Pankaj Pandya']","['Kabir Khan', 'Kabir Khan', 'Kabir Khan', 'Kabir Khan', 'Tegveer Singh', 'Archit Kumar', 'Karishma Kohli', 'Manish Mann Indoria', 'Moin Shaikh', 'Prarthana Goswami']"
447856,Pad Man,Pad Man,"Upon realizing the extent to which women are affected by their menses, a man sets out to create a sanitary pad machine and to provide inexpensive sanitary pads to the women of rural India.",2018-02-09,"['Comedy', 'Drama']","['Akshay Kumar', 'Radhika Apte', 'Sonam Kapoor', 'Jyoti Subhash', 'Mrinmayee Godbole', 'Soumya Vyas', 'Riva Bubber', 'Urmila Mahanta', 'Amitabh Bachchan', 'Suneel Sinha', 'Rakesh Chaturvedi']","['Rahul Nanda', 'Shruti Mahajan', 'Prashant Shah', 'Anil Naidu', 'Vivek Krishnani']",['Jagan Shakti']
1041054,Freddy,Freddy,"Introverted and awkward Dr. Freddy Ginwala desperately searches for a soulmate. When he finally finds her, the relationship becomes as painful as a root canal.",2022-12-02,"['Romance', 'Thriller']","['Kartik Aaryan', 'Alaya F', 'Karan A. Pandit', 'Sajjad Delafrooz', 'Jeniffer Piccinato', 'Harshika Kewalramani']","['Ekta Kapoor', 'Shobha Kapoor', 'Jay Shewakramani', 'Shreyans Hirawat', 'Gaurav Bose', 'Vaibhav Vishant', 'Ruchikaa Kapoor', 'Narendra Hirawat', 'Sharad Saxena', 'Amit A. Naik']",['Shashanka Ghosh']
283589,बैंग बैंग,Bang Bang!,"A young bank receptionist gets mixed up with Rajveer Nanda, a man who has a mysterious background.",2014-10-02,"['Action', 'Adventure', 'Comedy', 'Romance']","['Hrithik Roshan', 'Katrina Kaif', 'Danny Denzongpa', 'Javed Jaffrey', 'Jimmy Shergill', 'Pavan Malhotra', 'Vikram Gokhale', 'Kanwaljit Singh', 'Deepti Naval', 'Ron Smoorenburg', 'Ankur Vikal', 'Frank M. Ahearn']","['Parth Arora', 'Navmeet Singh', 'Prashant Singh', 'Aadore Mukherjee Mehra', 'Armit Chhabra', 'Kshitij Ravi Prasad']","['Siddharth Anand', 'Deepa Alimchandani', 'Sheel Nimbalkar', 'Ashutosh Sharma', 'Lakshya Raj Anand', 'Nishit Bhatia', 'Vihan Shah', 'Raveena Taurani']"
658412,लूडो,Ludo,"Ludo is about the butterfly effect and how, despite all the chaos and crowd of the world, all our lives are inextricably connected. From a resurfaced sex tape to a rogue suitcase of money, four wildly different stories overlap at the whims of fate, chance and one eccentric criminal.",2020-11-12,"['Crime', 'Comedy']","['Abhishek Bachchan', 'Pankaj Tripathi', 'Sanya Malhotra', 'Aditya Roy Kapur', 'Rajkummar Rao', 'Fatima Sana Shaikh', 'Rohit Saraf', 'Pearle Maaney', 'Inayat Verma', 'Asha Negi', 'Bhanu Uday', 'Shalini Vatsa', 'Ishtiyak Khan', 'Anurag Basu']","['Bhushan Kumar', 'Trishaan', 'Shubham Gaur']","['Anurag Basu', 'Anurag Basu', 'Anurag Basu', 'Anurag Basu', 'Anurag Basu', 'Anurag Basu']"
206324,भाग मिल्खा भाग,Bhaag Milkha Bhaag,"The true story of the ""Flying Sikh"" world champion runner and Olympian Milkha Singh who overcame the massacre of his family, civil war during the India-Pakistan partition, and homelessness to become one of India's most iconic athletes.",2013-07-12,"['History', 'Action', 'Drama']","['Farhan Akhtar', 'Sonam Kapoor', 'Divya Dutta', 'Pavan Malhotra', 'Rebecca Breeds', 'Prakash Raj', 'Yograj Singh', 'Art Malik', 'Herry Tangiri', 'Meesha Shafi', 'K.K. Raina', 'Dalip Tahil', 'Dev Gill', 'Nawab Shah', 'Jass Bhatia']","['Rajeev Tandon', 'P S Bharathi', 'P S Bharathi', 'Madhav Roy Kapur', 'Rachvin Narula', 'P S Shyam']",['Rakeysh Omprakash Mehra']
11518,मोहब्बतें,Mohabbatein,"At a prestigious all-male university, three friends seek love outside of the school grounds; at the same time, a newly-hired music teacher seeks to befriend and loosen up the militantly strict headmaster.",2000-10-27,"['Drama', 'Romance']","['Amitabh Bachchan', 'Shah Rukh Khan', 'Aishwarya Rai Bachchan', 'Jimmy Shergill', 'Preeti Jhangiani', 'Jugal Hansraj', 'Anupam Kher', 'Kim Sharma', 'Uday Chopra', 'Shamita Shetty', 'Archana Puran Singh', 'Amrish Puri', 'Shefali Shah', 'Saurabh Shukla', 'Parzaan Dastur', 'Helen', 'Hiten Patel', 'Raman Lamba', 'Ram Mohan', 'Geri Andrade', 'Rushad Rana', 'Mehul Nisar', 'Palash Dutta', 'Pearl Sukhadia', 'Meghna Patel', 'Sitaram', 'Gurdial Sira', 'Harpal Singh']","['Aditya Chopra', 'Aditya Chopra', 'Aditya Chopra', 'Karan Johar', 'Mahen Vakil']","['Yash Chopra', 'Nikkhil Advani', 'Manmohan Singh', 'Tarun Mansukhani', 'Taranjeet Singh']"
432527,पद्मावत,Padmaavat,"Rajputana, India, 13th century. The tyrannical usurper Alauddin Khilji, sultan of Delhi, becomes obsessed with Queen Padmavati, wife of King Ratan Singh of Mewar, and goes to great lengths to satisfy his greed for her.",2018-01-25,"['Drama', 'History', 'Romance']","['Ranveer Singh', 'Deepika Padukone', 'Shahid Kapoor', 'Jim Sarbh', 'Aayam Mehta', 'Ujjwal Chopra', 'Raza Murad', 'Aditi Rao Hydari', 'Anupriya Goenka', 'Padmavati Rao', 'Ashwin Dhar', 'Veena Mehta', 'Vibhav Roy', 'Muzzamil Bhavani', 'Deepak Shreemali', 'Manish Wadhwa', 'Hriiday Malhotra', 'Sharhaan Singh', 'Lankesh Bhardwaj', 'Komal Chhabria', 'Qutee Negpal', 'Ali Quli Mirza', 'Chintoo Singh Vasir', 'Mayank Kathak', 'Gulshan Walia', 'Saar Kashyap', 'Daljeet Sean Singh', 'Nazir Hussian', 'Swaroop Khan', 'Meena Mehta', 'Priyanka Pawar', 'Rohit Choudhary', 'Aslam Anwar', 'Akshay Sharma', 'Anuj Sharma', 'Mohammad Sakir', 'Mursaleem Qureshi', 'Deepak Sharma', 'Gopal Thakur', 'Aneesha Joshi', 'Farhan Siddique', 'Ayaz Khan', 'Anuj Khurana', 'Sanjeev Sharma', 'Alisha Soni', 'Arvinder Shagmer Gill', 'Mona Shetty']","['Shruti Mahajan', 'Arvinder Gill', 'Ajit Andhare', 'Chetan Deolekar', 'Shobha Sant', 'Mohan Bangera', 'Pratik Rawal', 'Sudhanshu Vats']","['Sanjay Leela Bhansali', 'Sanjay Leela Bhansali', 'Sanjay Leela Bhansali', 'Sanjay Leela Bhansali', 'Amber Lall']"
117691,गैंग्स ऑफ़ वास्सेपुर पार्ट - १,Gangs of Wasseypur - Part 1,"Shahid Khan is exiled after impersonating the legendary Sultana Daku in order to rob British trains. Now outcast, Shahid becomes a worker at Ramadhir Singh's colliery, only to spur a revenge battle that passes on to generations. At the turn of the decade, Shahid's son, the philandering Sardar Khan vows to get his father's honor back, becoming the most feared man of Wasseypur.",2012-06-22,"['Action', 'Thriller', 'Crime']","['Manoj Bajpayee', 'Richa Chadha', 'Tigmanshu Dhulia', 'Nawazuddin Siddiqui', 'Reema Sen', 'Huma Qureshi', 'Piyush Mishra', 'Jameel Khan', 'Jaideep Ahlawat', 'Pankaj Tripathi', 'Vipin Sharma', 'Vineet Kumar Singh', 'Satyakam Anand', 'Anurita Jha', 'Pramod Pathak', 'Harish Khanna', 'Yashpal Sharma']","['Ajay Rai', 'Prasanth Kumar', 'Mukesh Chhabra', 'Guneet Monga', 'Meraj Shaikh', 'Sunil Bohra', 'Rakesh Bhagwani']","['Anurag Kashyap', 'Anurag Kashyap', 'Anurag Kashyap', 'Shlok Sharma', 'Neeraj Ghaywan', 'Rohit Pandey']"
15977,देव .डी,Dev.D,"Because they come from different castes, the son of a tax collector and his true love are not allowed to marry, sending them down divergent paths.",2009-02-06,"['Comedy', 'Drama', 'Romance']","['Abhay Deol', 'Mahie Gill', 'Kalki Koechlin', 'Parakh Madan', 'Kuldeep Singh', 'Gurkirtan', 'Sanjay Kumar', 'Aseem Sharma', 'Satwant Kaur', 'Shena Gamat', 'Nawazuddin Siddiqui', 'Sunil Grover', 'Binnu Dhillon']","['Ronnie Screwvala', 'Siddharth Roy Kapur', 'Vikas Bahl', 'Gautam Kishanchandani']","['Anurag Kashyap', 'Anurag Kashyap', 'Vikramaditya Motwane']"
19666,लगान,Lagaan: Once Upon a Time in India,"In 1890s India, an arrogant British commander challenges the harshly taxed residents of Champaner to a high-stakes cricket match.",2001-06-15,"['Adventure', 'Romance', 'Drama']","['Aamir Khan', 'Gracy Singh', 'Rachel Shelley', 'Paul Blackthorne', 'Kulbhushan Kharbanda', 'Suhasini Mulay', 'Yashpal Sharma', 'Raj Zutshi', 'Rajendra Gupta', 'Akhilendra Mishra', 'Raghubir Yadav', 'Javed Khan', 'Daya Shankar Pandey', 'A.K. Hangal', 'Pradeep Ram Singh Rawat', 'Aditya Lakhia', 'Rajesh Vivek', 'Amin Hajee', 'Amitabh Bachchan', 'Shri Vallabh Vyas', 'Anupam Shyam', 'John Rowe', 'Jeremy Child', 'Howard Lee', 'David Gant', 'Ben Nealon', 'Raja Awasthi', 'Amin Gazi', 'Pramatesh Mehta', 'Chris England', 'Simon Holmes', 'Jon House']","['Uma Da Cunha', 'Urvashi Chugani']","['Ashutosh Gowariker', 'Ashutosh Gowariker', 'Ashutosh Gowariker', 'Ashutosh Gowariker', 'Ashutosh Gowariker', 'Ashutosh Gowariker', 'Mansoor Khan']"
14134,मैं हूँ ना,Main Hoon Na,"An army major goes undercover as a college student. His mission is both professional and personal: to protect his general's daughter from a radical militant, and to find his estranged half-brother.",2004-04-30,['Drama'],"['Shah Rukh Khan', 'Amrita Rao', 'Zayed Khan', 'Sushmita Sen', 'Suniel Shetty', 'Naseeruddin Shah', 'Kirron Kher', 'Rakhi Sawant', 'Boman Irani', 'Satish Shah', 'Murali Sharma', 'Tabu', 'Uday Chopra', 'Kabir Bedi', 'Bindu', 'Praveen Sirohi', 'Rajeev Punjabi']","['Sanjiv Chawla', 'Karan Johar', 'Gauri Khan', 'Ratan Jain', 'Bharat Shah', 'Anil Sable', 'Sameer Khan', 'Vishal Punjabi', 'Vishal Punjabi', 'Vishal Punjabi']","['Karan Malhotra', 'Vikram Nath Gupta', 'Sonu Thakur', 'Vibhu Kashyap']"
19703,A Wednesday!,A Wednesday!,"A retired police commissioner recounts the most memorable case of his career, wherein he was informed about a bomb scare in Mumbai.",2008-09-05,"['Drama', 'Thriller']","['Anupam Kher', 'Naseeruddin Shah', 'Jimmy Shergill', 'Deepal Shaw', 'Aamir Bashir', 'Rohitash Gaud', 'Vijay Bhatia', 'Kali Prasad Mukherjee', 'Gaurav Kapur', 'Chetan Pandit', 'Snehal Dabi', 'Aayam Mehta', 'Mukesh Bhatt', 'Vicky Ahuja', 'Seema Malik', 'Paarth Apurva Mehrotra', 'Alok Narula', 'Veerendra Saxena', 'Bhagwan Tiwari', 'Rajendra Chawla']","['Ronnie Screwvala', 'Shital Bhatia', 'Anjum Rizvi', 'Siddharth Roy Kapur', 'Abbas Rizvi', 'B L Gautam', 'Gopal Bhasin', 'Indivar Bhatia']","['Neeraj Pandey', 'Neeraj Pandey', 'Neeraj Pandey']"
664332,गंगूबाई काठियावाड़ी,Gangubai Kathiawadi,"Duped and sold to a brothel, a young woman fearlessly reclaims her power, using underworld connections to preside over the world she was once a pawn in.",2022-02-24,"['Crime', 'Drama']","['Alia Bhatt', 'Ajay Devgn', 'Shantanu Maheshwari', 'Indira Tiwari', 'Seema Pahwa', 'Vijay Raaz', 'Jim Sarbh', 'Chhaya Kadam', 'Anmol Kajani', 'Rahul Vohra', 'Huma Qureshi', 'Varun Kapoor', 'Chum Darang', 'Raza Murad', 'Prashant Kumar', 'Mitali Jagtap', 'Pallavi Jadhav', 'Kruti Saxena', 'Sonal Sagore', 'Baldev Tehran', 'Jahangir Khan', 'Faiz Khan']","['Rahul Nanda', 'Shruti Mahajan', 'Reshmaa Kadakia', 'Chetan Deolekar', 'Himanshu Nanda', 'Akshay Jayantilal Gada', 'Dhaval Jayantilal Gada', 'Dhaval Jayantilal Gada', 'Prerna Singh']","['Sanjay Leela Bhansali', 'Sanjay Leela Bhansali', 'Sanjay Leela Bhansali', 'Sanjay Leela Bhansali', 'Sanjay Leela Bhansali', 'Anisha Shetty']"
377213,Te3n,Te3n,"A grandfather, police officer and a priest join hands to investigate and find a missing child.",2016-06-10,"['Mystery', 'Thriller', 'Drama']","['Amitabh Bachchan', 'Nawazuddin Siddiqui', 'Vidya Balan', 'Padmavati Rao', 'Mukesh Chhabra', 'Prakash Belawadi', 'Masood Akhtar', 'Tota Roy Chowdhury', 'Arun Saha', 'Sabyasachi Chakraborty', 'Aarnaa Sharma', 'Paritosh Sand', 'Suneel Sinha', 'Anupam Bhattacharya', 'Ardhendu Banerjee']","['Mukesh Chhabra', 'Hyunwoo Thomas Kim', 'Ram Mirchandani', 'Sameer Rajendran', 'Deepak Dhar', 'Abhijit Ghatak', 'Gauri Sathe', 'Aniruddh Tanwar', 'Gulab Singh Tanwar']","['Chung Keun-sup', 'Ribhu Dasgupta', 'Ribhu Dasgupta']"
431892,Trapped,Trapped,"A man gets stuck in an empty high rise without food, water or electricity.",2017-03-17,"['Thriller', 'Drama']","['Rajkummar Rao', 'Geetanjali Thapa', 'Khushboo Upadhyay']","['Vikas Bahl', 'Ranjan Singh', 'Prashant Singh', 'Dipa De Motwane', 'Madhu Mantena Varma', 'Shibasish Sarkar']","['Anurag Kashyap', 'Vikramaditya Motwane', 'Vikramaditya Motwane', 'Vikramaditya Motwane']"
17478,Dhoom,Dhoom,"A gang of bikers headed by the cool-headed and arrogant Kabir is on a robbing spree in Mumbai. They rob establishments and then zip away on their superbikes. ACP Jai Dixit is the case in-charge and he recruits a bumbling bike mechanic and racer named Ali to chase the gang on a bike and help Jai nab them. Kabir accepts the challenge, and pulls off another robbery amidst a function. This causes Jai and Ali to call it off. Jai resigns from the police force and Ali goes back to his daily job. Meanwhile Kabir has lost one of his team members and recruits Ali for their final job in Goa. The action shifts from the congested Mumbai traffic to the sunny Goa for the final showdown between cops and robbers.",2004-08-27,"['Action', 'Crime', 'Drama', 'Thriller']","['John Abraham', 'Abhishek Bachchan', 'Esha Deol', 'Uday Chopra', 'Rimi Sen', 'Manoj Joshi', 'Sanjay M. Singh', 'Farid Amiri', 'Mehul Bhojak', 'Rohit Chopra', 'Palash Dutta', 'Sanjay Keni', 'Ajay Padhye', 'Ayesha Raza', 'Mukesh Ahuja', 'Ashwin Kaushik', 'Bhupinder', 'Yusuf Hussein', 'Perizaad Zorabian', 'Arjun Sablok', 'Arav Chowdhary']","['Aditya Chopra', 'Shahnaab Alam']",['Sanjay Gadhvi']
370665,दिलवाले,Dilwale,Raj is a Mafia member. One day he meet a girl (Meera) while chasing by his rival gang and falls in love with her. Later he finds out that this girl is the daughter of the leader of his rival gang. Yet their love story continues until he was shot by his girlfriend upon a deep misunderstanding. After that incident these two lovers lives separate until their siblings fallen in love. With this new love story their paths intertwines again.,2015-12-18,"['Crime', 'Action', 'Comedy']","['Shah Rukh Khan', 'Kajol', 'Varun Dhawan', 'Kriti Sanon', 'Boman Irani', 'Johnny Lever', 'Sanjay Mishra', 'Kabir Bedi', 'Mukesh Tiwari', 'Vinod Khanna', 'Nawab Shah', 'Pankaj Tripathi', 'Varun Sharma', 'Vineet Sharma', 'Chetna Pande', 'Murali Sharma', 'Stuti Dixit', 'Naushaad Abbas', 'Pradeep Kabra', 'Jahangir Khan', 'Krishna Kotian']","['Gauri Khan', 'Karim Morani']","['Rohit Shetty', 'Rohit Shetty', 'Rohit Shetty']"
30066,गोल माल,Gol Maal,A man's simple lie to secure his job escalates into more complex lies when his orthodox boss becomes suspicious.,1979-04-19,['Comedy'],"['Amol Palekar', 'Utpal Dutt', 'Bindiya Goswami', 'Deven Verma', 'Dina Pathak', 'Shubha Khote', 'David Abraham Cheulkar', 'Manju Singh', 'Pushpa', 'Yunus Parvez', 'Harish Magan', 'Bhola', 'Amol Sen', 'Aanjjan Srivastav', 'Keshto Mukherjee', 'Amitabh Bachchan', 'Rekha', 'Hema Malini', 'Zeenat Aman', 'Aruna Irani', 'Om Prakash', 'Moolchand']","['Romu N. Sippy', 'N.C. Sippy', 'Bunny Reuben']","['Hrishikesh Mukherjee', 'Hrishikesh Mukherjee', 'Bharat Rangachary', 'Saroj Banerjee', 'Ashok Rawat', 'Shashank Shanker']"
215776,Madras Cafe,Madras Cafe,An Indian intelligence agent journeys to a war-torn coastal island to break a resolute rebel group and meets a passionate journalist.,2013-08-23,"['Thriller', 'Drama', 'Action']","['John Abraham', 'Nargis Fakhri', 'Raashii Khanna', 'Siddhartha Basu', 'Prakash Belawadi', 'Avijit Dutt', 'Dinesh Prabhakar', 'Ajay Rathnam', 'Piyush Pandey', 'Leena Maria Paul', 'Kanan Arunachalam', 'Udhayabanu Mageswaran', 'Malini Sathappan', 'Swaroopa Ghosh', 'Arijit Dutta']","['Sheel Kumar', 'Ronnie Lahiri', 'Jogi Malang', 'Kumar Thakur']",['Shoojit Sircar']
73582,Bodyguard,Bodyguard,"Lovely Singh is extremely respectful of Mr Rana and his daughter Divya. While appointed as Divya's bodyguard, he falls in love with a girl he has never met, unaware that she is none other than Divya.",2011-08-31,"['Drama', 'Action', 'Romance']","['Salman Khan', 'Kareena Kapoor Khan', 'Mahesh Manjrekar', 'Raj Babbar', 'Asrani', 'Vidya Sinha', 'Hazel Keech', 'Chetan Hansraj', 'Katrina Kaif', 'Mohammad Faizan', 'Rajat Rawail', 'Aditya Pancholi', 'Sharat Saxena', 'Salim Baig', 'Karisma Kapoor']",['Vicky Sidana'],"['Siddique', 'Siddique', 'Ranjeet S. Marwa']"
764081,राम सेतु,Ram Setu,An atheist archaeologist turned believer must race against time to prove the true existence of the legendary Ram Setu before evil forces destroy the pillar of India’s heritage.,2022-10-25,"['Action', 'Adventure', 'Drama']","['Akshay Kumar', 'Jacqueline Fernandez', 'Nushrratt Bharuccha', 'Satyadev Kancharana', 'Nassar', 'Parvesh Rana', 'Jennifer Piccinato', 'Jayasri Rachakonda']","['Aashish Singh', 'Shruti Mahajan', 'Subaskaran Allirajah', 'Vikram Malhotra', 'Shikha Sharma', 'Aruna Bhatia', 'Smriti Jain', 'Gaurav Mishra', 'Mahaveer Jain', 'Vedant Baali', 'Ritwick Maheshwari']","['Abhishek Sharma', 'Abhishek Sharma', 'Abhishek Sharma', 'Abhishek Sharma', 'Dr. Chandraprakash Dwivedi', 'Dr. Chandraprakash Dwivedi']"
27298,Partner,Partner,"A 'Love Guru' assists other males, woos a widowed single mother, but becomes embroiled in controversies.",2007-07-20,"['Comedy', 'Romance']","['Salman Khan', 'Govinda', 'Lara Dutta', 'Katrina Kaif', 'Rajpal Yadav', 'Dalip Tahil', 'Aarti Chabria', 'Puneet Issar', 'Deepshika Nagpal', 'Suresh Menon', 'Tiku Talsania', 'Ali Asgar', 'Rajat Bedi', 'Razak Khan', 'Howard Rosemeyer', 'Ali Haji', 'Jason Shah']","['Rahul Nanda', 'Sanjay Ahluwalia', 'Kulthep Narula', 'Parag Sanghvi', 'Himanshu Nanda', 'Roshan Singh', 'Zia Khan', 'Zia Khan', 'Sachin Kesarkar', 'Mohan Ballary', 'Prakash Uchil']","['David Dhawan', 'David Dhawan', 'Umesh Ghadge', 'Alok Upadhyay', 'Karishma Mehta']"
11807,जब वी मेट,Jab We Met,A depressed wealthy businessman and a spunky and care-free young woman embark on an unexpected journey that changes their lives.,2007-10-26,"['Drama', 'Comedy', 'Romance']","['Shahid Kapoor', 'Kareena Kapoor Khan', 'Tarun Arora', 'Dara Singh', 'Pavan Malhotra', 'Kiran Juneja', 'Divya Shah', 'Saumya Tandon', 'Wamiqa Gabbi', 'Brijendra Kala', 'Asif Basra']",['Dhilin Mehta'],[]
14072,रब ने बना दी जोड़ी,Rab Ne Bana Di Jodi,"A lonely 40-ish man, likely to remain a bachelor, has a chance to find the love of his life when he falls for a vivacious young woman.",2008-12-11,"['Comedy', 'Drama', 'Romance']","['Shah Rukh Khan', 'Vinay Pathak', 'Anushka Sharma', 'M. K. Raina', 'Manmeet Singh', 'Isha Koppikar', 'Richa Pallod', 'Kajol', 'Rani Mukerji', 'Preity Zinta', 'Lara Dutta', 'Bipasha Basu', 'Aneesha Dalal', 'Bobby Bedii', 'Vivan Bhatena', 'Puneet Cheema', ""Alene D'Souza"", 'Areesz Gandhi', 'Rajesh Jais', 'Vineet Kapoor', 'Armit Singh Kharbanda']","['Aditya Chopra', 'Aditya Chopra', 'Aditya Chopra', 'Aditya Chopra', 'Sanjay Shivalkar', 'Aashish Singh', 'Ignatius Rapose']","['Yash Chopra', 'Maneesh Sharma', 'Mansi A Mhatre']"
596650,छिछोरे,Chhichhore,Following a group of friends from university as they progress into middle-age life and go their own separate ways.,2019-09-05,"['Romance', 'Comedy', 'Drama']","['Sushant Singh Rajput', 'Shraddha Kapoor', 'Prateik Babbar', 'Varun Sharma', 'Tahir Raj Bhasin', 'Naveen Polishetty', 'Saharsh Kumar Shukla', 'Tushar Pandey', 'Mohammad Samad', 'Nalneesh Neel', 'Shishir Sharma', 'Saanand Verma', 'Ranjan Raj', 'Sunil Butolia']","['Sajid Nadiadwala', 'Ajay Rai', 'Mukesh Chhabra', 'Kavan Ahalpara', 'Rachita Kapoor', 'Rachita Kapoor', 'Vaibhav Vishant', 'Malhotra Nikhil', 'Ankur B. Saraiya', 'Siddharth Motwani', 'Viral Shah', 'Shanu Verma']","['Jay Shah', 'Riya Kulkarni']"
14071,दोस्ताना,Dostana,Two straight guys who pretend to be a gay couple to secure a posh Miami apartment fall for their gorgeous roommate. Hilarity ensures as Kunal and Sameer strive to convince everyone they are gay while secretly trying to win Neha's heart.,2008-11-13,"['Drama', 'Comedy', 'Romance']","['John Abraham', 'Abhishek Bachchan', 'Priyanka Chopra Jonas', 'Bobby Deol', 'Shilpa Shetty Kundra', 'Kirron Kher', 'Boman Irani', 'Sushmita Mukherjee', 'Monika Gaba', 'Ana Villafañe', 'Mavrick Moreno']","['Karan Johar', 'Sanjay Mehta']","['Tarun Mansukhani', 'Tarun Mansukhani', 'Tarun Mansukhani']"
338065,दिल धड़कने दो,Dil Dhadakne Do,"On a cruise to celebrate their parents' 30th wedding anniversary, a brother and sister deal with the impact of family considerations on their romantic lives.",2015-06-04,"['Drama', 'Family', 'Romance']","['Anil Kapoor', 'Priyanka Chopra Jonas', 'Shefali Shah', 'Ranveer Singh', 'Anushka Sharma', 'Rahul Bose', 'Farhan Akhtar', 'Aamir Khan', 'Vikrant Massey', 'Abdul Quadir Amin', 'Ayesha Raza', 'Zarina Wahab', 'Pawan Chopra', 'Sarah Hashmi', 'Ikhlaq Khan', 'Dolly Minhas', 'Manoj Pahwa', 'Ivan Rodrigues', 'Vandana Sajnani', 'Parmeet Sethi', 'K.C. Shankar', 'Shireesh Sharma ', 'Ridhima Sud', 'Divya Seth Shah', 'Preiti Mamgain', 'Khushi Dubey', 'Yousaf Bokhari Bustamante', 'Ozge Cagaloglu', 'Hale Cigek', 'Celil Gezer', 'Yaprak Piren Karpuzoglu', 'Emrah Kolukisaoglu', 'Martijn Kuiper', 'Jonathan Maravilla', 'Vivianne Pocha', 'Ariadna Santana', 'Kenya Alexia Sauder Scolamieri', 'Devanshi Shah', 'Avneet Singh', 'Krantikari Singh', 'Shivrama Singh', 'Kallirroi Tziafeta', 'Sunil']","['Ritesh Sidhwani', 'Vikesh Bhutani', 'Anna Cassina', 'Suat Saglam', 'Nandini Shrikent', 'Shivani Saran', 'Riccardo Rogazione']","['Zoya Akhtar', 'Zoya Akhtar', 'Zoya Akhtar']"
41109,Don 2,Don 2,"Having conquered the Asian underworld, crime boss Don sets in motion a plan that will give him dominion over Europe.",2011-12-23,"['Action', 'Thriller']","['Shah Rukh Khan', 'Priyanka Chopra Jonas', 'Boman Irani', 'Kunal Kapoor', 'Nawab Shah', 'Om Puri', 'Lara Dutta', 'Sahil Shroff', 'Alyy Khan', 'Rike Schmid', 'Hrithik Roshan', 'Florian Lukas', 'Florian Fitz', 'Christian Goebel', 'Martin Goeres', 'Klaus Schindler', 'Adi Putra', 'Senta Dorothea Kirschner', 'Wolfgang Stegemann']","['Solveig Jork', 'Mathias Schwerbrock', 'Mathias Schwerbrock', 'Ritesh Sidhwani', 'Miriam Joseph', 'Kanishka Mehta', 'Juliane Walker', 'Aadore Mukherjee Mehra', 'Arunima Roy', 'Rupali Suresh Vaidya']","['Hisham Chotani', 'Anubhav Chopra', 'Raj Acharya', 'Ralph Eisenmann']"
14395,कभी अलविदा ना कहना,Kabhi Alvida Naa Kehna,"Dev and Maya are both married to different people. Settled into a life of domestic ritual, and convinced that they are happy in their respective relationships, they still yearn for something deeper and more meaningful, which is precisely what they find in each other.",2006-08-11,"['Drama', 'Romance']","['Shah Rukh Khan', 'Rani Mukerji', 'Preity Zinta', 'Abhishek Bachchan', 'Amitabh Bachchan', 'John Abraham', 'Kirron Kher', 'Ahsaas Channa', 'Kajol', 'Arjun Rampal', 'Karan Johar', 'Kate Braithwaite']","['Karan Johar', 'Karan Johar', 'Karan Johar', 'Manoj Mittra', 'Hiroo Johar', 'Mohamed Khan', 'Anadil Hossain', 'Driss Benyaklef', 'Prashant Kunder']",['Tarun Mansukhani']
15917,देवदास,Devdas,"After his wealthy family prohibits him from marrying the woman he is in love with, Devdas Mukherjee's life spirals further and further out of control as he takes up alcohol and a life of vice to numb the pain.",2002-07-11,"['Drama', 'Romance']","['Shah Rukh Khan', 'Madhuri Dixit', 'Aishwarya Rai Bachchan', 'Jackie Shroff', 'Smita Jaykar', 'Manoj Joshi', 'Ananya Khare', 'Milind Gunaji', 'Dina Pathak', 'Kirron Kher', 'Tiku Talsania', 'Ava Mukherjee', 'Jaya Bhattacharya', 'Sunil Rege', 'Vijay Crishna', 'Amardeep Jha', 'Apara Mehta', 'Muni Jha', 'Radhika Singh', 'Vijayendra Ghatge']","['Bharat Shah', 'Gajendra Mishra', 'Mohan Nayyar']","['Sanjay Leela Bhansali', 'Sanjay Leela Bhansali', 'Sanjay Leela Bhansali', 'Vikramaditya Motwane', 'Amber Lall', 'Amit Suhas', 'Nishat Amber', 'Ranjeet Gupta', 'Rashika Pradeep', 'Rohit Dheeraj', 'Sangeeta Manu', 'Vatsala Sikandar']"
118628,इंग्लिश विंग्लिश,English Vinglish,"In the United States for the first time, an Indian housewife with a limited command of English turns Manhattan into her personal language school.",2012-09-21,"['Comedy', 'Drama', 'Family']","['Sridevi', 'Adil Hussain', 'Mehdi Nebbou', 'Priya Anand', 'Navika Kotia', 'Shivansh Kotia', 'Sujata Kumar', 'Rajeev Ravindranathan', 'Sumeet Vyas', 'Ruth Aguilar', 'Maria Romano', 'Cory Hibbs', 'Damian Thompson', 'Sulabha Deshpande', 'Ashwin Mathew', 'Amitabh Bachchan', 'Rajeev Pahuja']","['Sunil Lulla', 'Rakesh Jhunjhunwala', 'R Damani']",[]
93519,कारन अर्जुन,Karan Arjun,Karan and Arjun reincarnate in the different parts of the country. But the faith of their previous mother brings them together in order to avenge their death.,1995-01-13,"['Action', 'Thriller']","['Shah Rukh Khan', 'Salman Khan', 'Rakhee Gulzar', 'Kajol', 'Mamta Kulkarni', 'Amrish Puri', 'Ranjeet', 'Aashif Sheikh', 'Jack Gaud', 'Arjun']","['Bharat Shah', 'Rakesh Roshan', 'Rakesh Roshan', 'Kailash Vohra', 'Pilly Singh']","['Anurag Singh', 'Baldev Walia']"
20294,Welcome,Welcome,"Dubai-based criminal don Uday takes it upon himself to try and get his sister Sanjana married - in vain, as no one wants to be associated with a crime family. Uday's associate Sagar Pandey finds a young man, Rajiv, who lives with his maternal uncle and aunt - Dr. and Mrs. Ghunghroo. Through extortion he compels Ghunghroo to accept this matrimonial alliance. But Rajiv has already fallen in love with young woman in South Africa. When the time comes to get Rajiv formally engaged to this woman, he finds out that Sanjana and she are the very same. With no escape from this predicament, the wedding is planned, with hilarious consequences.",2007-12-21,"['Drama', 'Action', 'Comedy', 'Romance']","['Akshay Kumar', 'Katrina Kaif', 'Anil Kapoor', 'Nana Patekar', 'Feroz Khan', 'Paresh Rawal', 'Mallika Sherawat', 'Malaika Arora', 'Asrani', 'Sanjay Mishra', 'Om Puri', 'Suniel Shetty', 'Sherveer Vakil', 'Ruslaan Mumtaz']",['Firoz A. Nadiadwala'],[]
127501,बर्फी!,Barfi!,"He is cute. He's shrewd. The girls love him. The cops hate him. He can't speak but is always talked about. His naughty antics will make you scream, but he will never listen. Cos he can't! Next summer ride a rollercoaster of emotions with Barfii - the Chalu Chaplin!",2012-09-13,"['Drama', 'Romance', 'Comedy']","['Ranbir Kapoor', 'Priyanka Chopra Jonas', ""Ileana D'Cruz"", 'Saurabh Shukla', 'Jisshu Sengupta', 'Ashish Vidhyarthi', 'Akash Khurana', 'Roopa Ganguly', 'Sujata Sehgal', 'Arun Bali', 'Sumona Chakravarti', 'Haradhan Bandopadhyay', 'Uday Tikekar', 'Shreya Ghoshal', 'Bholaraj Sapkota', 'Preiti Mamgain', 'Kenneth Desai', 'Neeraj Khetrapal', 'Rajeev Mishra', 'Nirmala D. Thappa', 'Apurva Pranjape', 'Rahul Malhothra', 'Bhagyashree Dembla', 'Subhankar Ghosh', 'Purva Parag', 'Archana Dani']","['Ronnie Screwvala', 'Siddharth Roy Kapur', 'Rekha Bhardwaj', 'Vijai Singh', 'Rucha Pathak']","['Anurag Basu', 'Anurag Basu']"
934419,क़ला,Qala,"Haunted by her past, a talented singer with a rising career copes with the pressure of success, a mother's disdain and the voices of doubt within her.",2022-11-24,['Drama'],"['Tripti Dimri', 'Swastika Mukherjee', 'Babil Khan', 'Amit Sial', 'Sameer Kochhar', 'Girija Oak', 'Swanand Kirkire', 'Tasveer Kamil', 'Varun Grover', 'Abhishek Banerjee', 'Veera Kapur Ee', 'Aadhya Jha', 'Anushka Sharma']","['Manoj Mittra', 'Karnesh Sharma', 'Saurabh Malhotra', 'Harish Iyer', 'Anant Kumar Gupta']","['Anshai Lal', 'Ankit Malik']"
21297,Wake Up Sid,Wake Up Sid,"Wake Up Sid! is the story of a lazy Mumbai college student who does absolutely nothing, with a turn of events will Sid realize his potential in this world and become a success in the fast-paced life of Mumbai.",2009-10-02,"['Comedy', 'Drama', 'Romance']","['Ranbir Kapoor', 'Konkona Sen Sharma', 'Rahul Khanna', 'Anupam Kher', 'Supriya Pathak', 'Namit Das', 'Shikha Talsania', 'Kashmera Shah', 'Shruti Bapna', 'Kainaz Motivala']","['Karan Johar', 'Hiroo Johar', 'Apoorva Mehta', 'Sanjay Mehta', 'Nandini Shrikent', 'Prashant Kunder']",['Kabir Singh Chowdhry']
12259,शोले,Sholay,"After his family is murdered by a notorious and ruthless bandit, a former police officer enlists the services of two outlaws to capture the bandit.",1975-08-15,['Action'],"['Amitabh Bachchan', 'Dharmendra', 'Sanjeev Kumar', 'Hema Malini', 'Jaya Bachchan', 'Amjad Khan', 'Asrani', 'Jagdeep', 'A.K. Hangal', 'Satyendra Kapoor', 'Iftekhar', 'Sachin Pilgaonkar', 'Helen', 'Viju Khote', 'Mac Mohan', 'Leela Mishra', 'Keshto Mukherjee', 'Jalal Agha']","['G.P. Sippy', 'Aziz Bhai', 'Suresh Desai', 'Rajan Walia']","['Ramesh Sippy', 'A.R. Balan', 'Kishen Bishen', 'Khalish Lucknavi', 'Sharad Palekar', 'D.R. Thakkar']"
911645,गहराइयाँ,Gehraiyaan,"Alisha Khanna, 30, ambitious, now finds herself at crossroads in life. Her six year long relationship has grown monotonous, her career seems to be going nowhere. But just when she had begun to accept this reality as unchangeable, her life is usurped by the arrival of her cousin, Tia and her fiancé, Zain, with whom she bonds over a troubled past and a common wish to break from its confines.",2022-02-11,"['Romance', 'Drama']","['Deepika Padukone', 'Siddhant Chaturvedi', 'Ananya Pandey', 'Dhairya Karwa', 'Naseeruddin Shah', 'Rajat Kapoor', 'Vihaan Chaudhary', 'Pavleen Gujral', 'Deepak Kriplani', 'Kanika Dang', 'Natasha Rastogi', 'Ananya Anand', 'Arzoo', 'Vedansh', 'Imran Chappar', 'Alison Gonsalves', 'Fiona Gonsalves', 'Vishaka Kavlekar']","['Karan Johar', 'Hiroo Johar', 'Apoorva Mehta', 'Vikesh Bhutani', 'Ajit Andhare', 'Panchami Ghavri']","['Shakun Batra', 'Shakun Batra', 'Shakun Batra', 'Shakun Batra']"
4254,कल हो ना हो,Kal Ho Naa Ho,An uptight MBA student falls for the charismatic new neighbor who charms her troubled family – but he has a secret that forces him to push her away.,2003-11-27,"['Comedy', 'Drama', 'Romance']","['Shah Rukh Khan', 'Preity Zinta', 'Saif Ali Khan', 'Jaya Bachchan', 'Sonali Bendre', 'Reema Lagoo', 'Delnaaz Irani', 'Lillete Dubey', 'Simone Singh', 'Rajpal Yadav', 'Satish Shah', 'Shoma Anand', 'Ketki Dave', 'Sushma Seth', 'Athit Naik', 'Jhanak Shukla', 'Kamini Khanna', 'Dara Singh', 'Anaita Shroff Adajania', 'Sulabha Arya', 'Farah Khan', 'Sonali Bendre', 'Sanjay Kapoor', 'Kajol', 'Rani Mukerji', 'Uday Chopra']","['Karan Johar', 'Karan Johar', 'Karan Johar', 'Yash Johar', 'Manoj Mittra', 'Hiroo Johar', 'Sean Powers', 'Ganesh Nankoosingh', 'Anadil Hossain', 'Driss Benyaklef', 'Prashant Kunder', 'Joseph White', 'Alex Schimel', 'Gopal Babel', 'Rita Powers', 'Fabio Martinez', 'Malaika Johnson']","['Nikkhil Advani', 'Tarun Mansukhani', 'Kapil Chopra', 'Ana Cuadra', 'David Coombs', 'Mamta Bhatia']"
4157,हे बेबी,Heyy Babyy,"Three handsome Sydney bachelors Aroush, Tanmay and Al – are having the time of their lives in Sydney. They flirt around, and have numerous conquests to their credit. They suddenly find their dating and mating rituals destroyed when a dimpled little roommate lands up on their doorstep. When it comes to babies, they’re total zeroes and this bundle of joy is anything but joyous.",2007-08-24,"['Comedy', 'Drama', 'Romance']","['Akshay Kumar', 'Fardeen Khan', 'Ritesh Deshmukh', 'Vidya Balan', 'Boman Irani', 'Anupam Kher', 'Chirag Vohra', 'Anupam Sharma', 'Vrajesh Hirjee', 'Bikramjeet Kanwarpal', 'Shah Rukh Khan', 'Aarti Chabria', 'Kim Sharma', 'Tara Sharma', 'Payal Rohatgi', 'Celina Jaitly']","['Sajid Nadiadwala', 'Julie Sims', 'Swapna David', 'Ramjanam Dubey']","['Sajid Khan', 'Sajid Khan', 'Sajid Khan']"
695969,हसीन दिलरुबा,Haseen Dillruba,"Under investigation as a suspect in her husband's murder, a wife reveals details of their thorny marriage that seem to only further blur the truth.",2021-07-02,"['Mystery', 'Crime', 'Thriller', 'Romance']","['Taapsee Pannu', 'Vikrant Massey', 'Harshvardhan Rane', 'Aditya Srivastava', 'Yamini Das', 'Daya Shankar Pandey', 'Ashish Verma', 'Deepesh Sumitra Jagdish', 'Ashique Hussain', 'Puja Sarup', 'Alka Kaushal', 'Amit Thakur', 'Kunj Anand']","['Bhushan Kumar', 'Krishan Kumar', 'Aanand L. Rai', 'Mukesh Chhabra', 'Ashish Vishnu Tandel']","['Vinil Mathew', 'Vikramjeet Dahiya']"
472138,Thugs of Hindostan,Thugs of Hindostan,"After the British company’s officer Clive takes over the kingdom of Mirza, Princess Zafira and Khudabaksh aka Azaad form a band of rebel pirates who swear to defeat the English officer and win their freedom back. The British Company in return, hire the wily thug Firangi track Azaad’s gang and thwart his plans.",2018-11-07,"['Adventure', 'Action']","['Amitabh Bachchan', 'Aamir Khan', 'Katrina Kaif', 'Fatima Sana Shaikh', 'Mohammed Zeeshan Ayyub', 'Lloyd Owen', 'Surendra Pal', 'Shane John Kruger', 'Kaivalya Chheda', 'Shaji Chaudhary', 'R. Bhakti Klei', 'Manjit Singh', 'Venkat Vadisetti', 'Ronit Roy', 'Satyadev Kancharana', 'Sharat Saxena']","['Aditya Chopra', 'Sanjay Shivalkar', 'Aashish Singh', 'Edward Said', 'Bharat Rawail']",[]
14070,गजनी,Ghajini,"A man suffering from anterograde amnesia as a result of a violent attack in the past sets out to avenge his girlfriend's death with the aid of photographs, notes and tattoos all over his body.",2008-12-25,"['Action', 'Romance', 'Thriller']","['Aamir Khan', 'Asin Thottumkal', 'Jiah Khan', 'Pradeep Ram Singh Rawat', 'Riyaz Khan', 'Khalid Siddiqui', 'Tinnu Anand', 'Sunil Grover', 'Sai Tamhankar', 'Rajendran', 'Supreet']","['Tagore Madhu', 'Harish Amin', 'Madhu Mantena Varma', 'Deepak Gawade', 'Gwen Swart', 'Paul Van Der Ploeg']","['A.R. Murugadoss', 'A.R. Murugadoss', 'A.R. Murugadoss']"
103243,विक्की डोनर,Vicky Donor,"A man is brought in by an infertility doctor to supply him with his sperm, where he becomes the biggest sperm donor for his clinic.",2012-04-20,"['Comedy', 'Romance']","['Ayushmann Khurrana', 'Yami Gautam', 'Annu Kapoor', 'Dolly Ahluwalia', 'Kamlesh Gill', 'Puja Gupta', 'Inderpal Singh', 'John Abraham', 'Swaroopa Ghosh']","['Sunil Lulla', 'Sheel Kumar', 'Ram Mirchandani', 'Sanjay Inamdar', 'Ronnie Lahiri', 'Jogi Malang']",['Shoojit Sircar']
